date,friends_count,followers_count,friends_except_followers_count,followers_except_friends_count,mutual_friends_count,inactive_count,ff_ratio,follow_to_me_rate,follow_from_me_rate,statuses_count,favourites_count,listed_count,create_friend_count,destroy_friend_count,create_follower_count,destroy_follower_count
2020/08/17,630,961,47,378,583,138,1.5254,0.925397,0.60666,1105,9829,13,0,1,2,2
2020/08/18,631,961,47,377,584,139,1.52298,0.925515,0.6077,1105,9825,13,2,1,4,4
2020/08/19,631,959,47,375,584,140,1.51981,0.925515,0.608968,1105,9821,13,0,0,0,2
2020/08/20,634,960,47,373,587,140,1.5142,0.925867,0.611458,1110,9880,13,4,1,5,4
2020/08/21,637,969,47,379,590,143,1.52119,0.926217,0.608875,1115,9956,14,3,0,9,0
2020/08/22,641,994,47,400,594,141,1.5507,0.926677,0.597585,1118,9984,14,4,0,27,2
2020/08/23,644,1005,47,408,597,140,1.56056,0.927019,0.59403,1123,10030,14,3,0,12,1
2020/08/24,651,1005,47,401,604,139,1.54378,0.927803,0.600995,1125,10057,14,8,1,5,5
2020/08/25,652,1007,47,402,605,141,1.54448,0.927914,0.600794,1128,10091,14,1,0,4,2
2020/08/26,654,1013,47,406,607,139,1.54893,0.928135,0.59921,1129,10146,14,2,0,7,1
2020/08/27,656,1028,47,419,609,139,1.56707,0.928354,0.592412,1136,10177,14,2,0,17,2
2020/08/28,659,1041,47,429,612,139,1.57967,0.92868,0.587896,1141,10217,14,3,0,14,1
2020/08/29,660,1046,47,433,613,139,1.58485,0.928788,0.586042,1148,10225,14,1,0,6,1
2020/08/30,660,1046,47,433,613,140,1.58485,0.928788,0.586042,1150,10247,14,1,1,3,3
2020/08/31,664,1054,47,437,617,139,1.58735,0.929217,0.585389,1156,10294,14,4,0,10,2
2020/09/01,667,1053,47,432,620,140,1.57871,0.929535,0.588794,1165,10383,14,4,1,3,5
2020/09/02,668,1052,47,431,621,141,1.57485,0.929641,0.590304,1166,10413,14,1,0,3,3
2020/09/03,668,1049,47,428,621,142,1.57036,0.929641,0.591992,1167,10438,14,1,1,1,4
2020/09/04,669,1054,47,432,622,145,1.57549,0.929746,0.590133,1168,10469,14,1,0,8,3
2020/09/05,669,1054,47,432,622,143,1.57549,0.929746,0.590133,1168,10471,14,0,0,2,2
2020/09/06,669,1056,47,434,622,144,1.57848,0.929746,0.589015,1170,10482,14,1,1,4,2
2020/09/07,669,1060,47,438,622,142,1.58445,0.929746,0.586792,1172,10499,15,0,0,7,3
2020/09/08,669,1076,47,454,622,141,1.60837,0.929746,0.578067,1175,10535,15,0,0,18,2
2020/09/09,671,1081,47,457,624,141,1.61103,0.929955,0.577243,1176,10542,15,2,0,7,2
2020/09/10,671,1081,47,457,624,140,1.61103,0.929955,0.577243,1176,10545,15,0,0,2,2
2020/09/11,671,1081,47,457,624,142,1.61103,0.929955,0.577243,1179,10568,15,1,1,2,2
2020/09/12,672,1082,48,458,624,144,1.61012,0.928571,0.57671,1182,10595,15,1,0,4,3
2020/09/13,673,1087,48,462,625,144,1.61516,0.928678,0.574977,1186,10639,16,1,0,7,2
2020/09/14,674,1087,48,461,626,143,1.61276,0.928783,0.575897,1191,10684,16,1,0,1,1
2020/09/15,675,1088,48,461,627,143,1.61185,0.928889,0.576287,1191,10687,16,2,1,3,2
2020/09/16,674,1085,48,459,626,145,1.60979,0.928783,0.576959,1198,10724,16,0,1,1,4
2020/09/17,676,1102,48,474,628,147,1.63018,0.928994,0.569873,1199,10773,16,2,0,17,0
2020/09/18,676,1102,48,474,628,145,1.63018,0.928994,0.569873,1199,10771,16,0,0,1,1
2020/09/19,677,1105,48,476,629,146,1.6322,0.929099,0.569231,1201,10793,16,1,0,4,1
2020/09/20,677,1111,48,482,629,144,1.64106,0.929099,0.566157,1204,10847,16,0,0,7,1
2020/09/21,677,1125,48,496,629,144,1.66174,0.929099,0.559111,1205,10852,17,0,0,16,2
2020/09/22,677,1126,48,497,629,144,1.66322,0.929099,0.558615,1205,10852,17,0,0,1,0
2020/09/23,678,1127,48,497,630,145,1.66224,0.929204,0.559006,1205,10853,17,1,0,2,1
2020/09/24,678,1124,49,495,629,145,1.65782,0.927729,0.559609,1206,10856,17,0,0,2,5
2020/09/25,678,1133,48,503,630,144,1.67109,0.929204,0.556046,1206,10864,17,0,0,9,0
2020/09/26,679,1139,48,508,631,145,1.67747,0.929308,0.553995,1209,10913,17,1,0,8,2
2020/09/27,679,1189,48,558,631,143,1.7511,0.929308,0.530698,1207,10946,18,1,1,52,2
2020/09/28,679,1193,48,562,631,137,1.757,0.929308,0.528919,1207,10955,18,0,0,8,4
2020/09/29,678,1195,48,565,630,138,1.76254,0.929204,0.527197,1207,10952,18,0,1,4,2
2020/09/30,678,1196,48,566,630,139,1.76401,0.929204,0.526756,1208,10950,18,0,0,1,0
2020/10/01,678,1196,48,566,630,139,1.76401,0.929204,0.526756,1208,10942,18,0,0,2,2
2020/10/02,677,1193,48,564,629,139,1.76219,0.929099,0.527242,1208,10944,19,0,1,1,4
2020/10/03,677,1195,48,566,629,139,1.76514,0.929099,0.52636,1213,10968,19,0,0,3,1
2020/10/04,676,1196,48,568,628,140,1.76923,0.928994,0.525084,1213,10956,19,0,1,3,2
2020/10/05,675,1194,48,567,627,140,1.76889,0.928889,0.525126,1213,10955,19,0,1,0,2
2020/10/06,674,1194,48,568,626,140,1.77151,0.928783,0.524288,1214,10984,19,0,1,1,1
2020/10/07,675,1195,48,568,627,135,1.77037,0.928889,0.524686,1214,10981,19,1,0,2,1
2020/10/08,675,1191,48,564,627,136,1.76444,0.928889,0.526448,1214,10979,19,0,0,0,4
2020/10/09,675,1191,48,564,627,138,1.76444,0.928889,0.526448,1214,10977,19,0,0,0,0
2020/10/10,676,1193,48,565,628,139,1.76479,0.928994,0.526404,1214,10974,19,1,0,2,0
2020/10/11,676,1192,48,563,628,139,1.76331,0.928994,0.526846,1214,10972,19,0,0,1,3
2020/10/12,676,1190,48,562,628,140,1.76035,0.928994,0.527731,1214,10966,19,0,0,3,4
2020/10/13,676,1194,48,566,628,141,1.76627,0.928994,0.525963,1217,10994,20,0,0,5,1
2020/10/14,676,1193,48,565,628,142,1.76479,0.928994,0.526404,1217,10997,20,0,0,0,1
2020/10/15,676,1192,48,564,628,144,1.76331,0.928994,0.526846,1217,10995,20,0,0,0,1
2020/10/16,676,1193,48,565,628,143,1.76479,0.928994,0.526404,1217,10938,20,0,0,1,0
2020/10/17,676,1192,48,564,628,142,1.76331,0.928994,0.526846,1217,10937,20,0,0,0,1
2020/10/18,678,1198,48,568,630,141,1.76696,0.929204,0.525876,1219,10961,20,2,0,6,0
2020/10/19,678,1199,48,569,630,140,1.76844,0.929204,0.525438,1219,10959,20,0,0,2,1
2020/10/20,678,1199,48,569,630,140,1.76844,0.929204,0.525438,1220,10964,20,0,0,0,0
2020/10/21,678,1199,48,569,630,139,1.76844,0.929204,0.525438,1220,10925,20,0,0,0,0
2020/10/22,678,1197,48,567,630,141,1.76549,0.929204,0.526316,1220,10894,21,0,0,0,2
2020/10/23,677,1195,48,566,629,138,1.76514,0.929099,0.52636,1220,10893,21,0,1,0,2
2020/10/24,677,1194,49,566,628,140,1.76366,0.927622,0.525963,1220,10894,21,0,0,1,2
2020/10/25,675,1191,49,565,627,142,1.76444,0.928889,0.526448,1220,10889,21,0,1,2,4
2020/10/26,676,1190,49,563,627,141,1.76035,0.927515,0.526891,1220,10887,21,0,0,0,2
2020/10/27,676,1188,49,561,627,144,1.7574,0.927515,0.527778,1220,10886,21,0,0,0,2
2020/10/28,676,1187,50,561,626,147,1.75592,0.926036,0.52738,1220,10882,21,0,0,1,2
2020/10/29,676,1186,50,560,626,146,1.75444,0.926036,0.527825,1220,10885,21,0,0,0,1
2020/10/30,676,1187,50,561,626,150,1.75592,0.926036,0.52738,1220,10883,21,0,0,1,0
2020/10/31,676,1185,50,559,626,149,1.75296,0.926036,0.52827,1220,10887,21,0,0,0,2
2020/11/01,675,1184,50,559,625,152,1.75407,0.925926,0.527872,1220,10883,21,0,1,1,2
2020/11/02,675,1187,50,562,625,150,1.75852,0.925926,0.526537,1220,10883,21,0,0,3,0
2020/11/03,674,1183,50,559,624,147,1.75519,0.925816,0.527473,1220,10878,21,0,1,0,4
2020/11/04,674,1181,50,557,624,149,1.75223,0.925816,0.528366,1220,10874,21,0,0,0,2
2020/11/05,675,1182,50,557,625,151,1.75111,0.925926,0.528765,1220,10873,21,1,0,1,0
2020/11/06,674,1179,50,555,624,149,1.74926,0.925816,0.529262,1220,10782,21,0,1,0,3
2020/11/07,674,1179,50,555,624,153,1.74926,0.925816,0.529262,1220,10783,21,0,0,0,0
2020/11/08,673,1177,49,553,624,152,1.74889,0.927192,0.530161,1220,10781,21,0,1,1,3
2020/11/09,673,1177,49,553,624,151,1.74889,0.927192,0.530161,1220,10770,21,0,0,0,0
2020/11/10,673,1177,50,554,623,153,1.74889,0.925706,0.529312,1222,10802,21,0,0,3,3
2020/11/11,673,1177,50,554,623,153,1.74889,0.925706,0.529312,1223,10797,21,0,0,1,1
2020/11/12,673,1177,50,554,623,150,1.74889,0.925706,0.529312,1223,10793,21,0,0,0,0
2020/11/13,673,1176,50,553,623,151,1.7474,0.925706,0.529762,1223,10792,21,0,0,0,1
2020/11/14,673,1175,50,552,623,153,1.74591,0.925706,0.530213,1223,10789,21,0,0,0,1
2020/11/15,675,1179,50,554,624,153,1.74667,0.924444,0.529262,1227,10837,21,2,1,5,2
2020/11/16,675,1185,50,560,625,151,1.75556,0.925926,0.527426,1232,10857,22,1,0,9,2
2020/11/17,675,1185,51,561,624,151,1.75556,0.924444,0.526582,1233,10859,21,1,1,3,3
2020/11/18,674,1188,51,565,623,153,1.76261,0.924332,0.524411,1233,10860,21,0,1,4,1
2020/11/19,675,1191,51,567,624,151,1.76444,0.924444,0.523929,1233,10857,21,1,0,3,0
2020/11/20,675,1193,51,569,624,149,1.76741,0.924444,0.523051,1233,10845,21,0,0,2,0
2020/11/21,675,1194,51,570,624,147,1.76889,0.924444,0.522613,1233,10843,21,0,0,1,0
2020/11/22,674,1194,51,571,623,150,1.77151,0.924332,0.521776,1233,10838,21,0,1,2,2
2020/11/23,675,1192,51,568,624,149,1.76593,0.924444,0.52349,1233,10835,21,1,0,0,2
2020/11/24,674,1189,51,566,623,148,1.76409,0.924332,0.52397,1233,10827,21,0,1,0,3
2020/11/25,674,1188,51,565,623,149,1.76261,0.924332,0.524411,1233,10826,21,0,0,0,1
2020/11/26,674,1189,51,566,623,151,1.76409,0.924332,0.52397,1233,10826,21,0,0,1,0
2020/11/27,674,1189,51,566,623,151,1.76409,0.924332,0.52397,1233,10823,21,0,0,0,0
2020/11/28,673,1188,51,565,622,150,1.76523,0.92422,0.523569,1233,10821,20,0,1,0,2
2020/11/29,673,1186,51,564,622,150,1.76226,0.92422,0.524452,1233,10821,21,0,0,1,2
2020/11/30,672,1185,51,564,621,150,1.76339,0.924107,0.524051,1233,10818,20,0,1,0,1
2020/12/01,673,1204,51,582,622,153,1.789,0.92422,0.516611,1236,10864,20,1,0,20,1
2020/12/02,674,1213,51,590,623,158,1.7997,0.924332,0.513603,1239,10878,20,1,0,10,1
2020/12/03,674,1215,52,593,622,157,1.80267,0.922849,0.511934,1241,10823,20,0,0,4,2
2020/12/04,674,1224,52,602,622,157,1.81602,0.922849,0.50817,1244,10816,20,1,1,12,3
2020/12/05,675,1274,49,648,626,155,1.88741,0.927407,0.491366,1250,10833,20,4,3,50,0
2020/12/06,675,1279,49,653,626,155,1.89481,0.927407,0.489445,1252,10852,20,0,0,5,0
2020/12/07,588,1283,15,710,573,101,2.18197,0.97449,0.446609,1254,10887,20,0,87,5,1
2020/12/08,588,1288,15,715,573,102,2.19048,0.97449,0.444876,1255,10910,21,0,0,7,2
2020/12/09,588,1289,15,716,573,104,2.19218,0.97449,0.444531,1255,10914,21,0,0,2,1
2020/12/10,589,1300,16,727,573,104,2.20713,0.972835,0.440769,1258,10953,21,1,0,12,1
2020/12/11,591,1304,16,729,575,102,2.20643,0.972927,0.440951,1265,10982,21,3,1,9,5
2020/12/12,592,1305,16,729,576,102,2.20439,0.972973,0.441379,1270,11002,21,1,0,3,2
2020/12/13,593,1306,17,730,576,104,2.20236,0.971332,0.441041,1276,11032,21,2,1,2,1
2020/12/14,592,1304,18,730,574,102,2.2027,0.969595,0.440184,1277,11044,22,0,1,2,4
2020/12/15,592,1308,17,733,575,102,2.20946,0.971284,0.439602,1278,11068,23,0,0,6,2
2020/12/16,592,1313,17,738,575,102,2.21791,0.971284,0.437928,1279,11113,22,0,0,5,0
2020/12/17,593,1320,17,744,576,102,2.22597,0.971332,0.436364,1284,11190,23,1,0,7,0
2020/12/18,594,1333,17,756,577,102,2.24411,0.97138,0.432858,1300,11291,23,1,0,15,2
2020/12/19,595,1338,17,760,578,102,2.24874,0.971429,0.431988,1307,11382,23,1,0,9,4
2020/12/20,596,1343,17,764,579,103,2.25336,0.971476,0.431124,1285,11537,24,2,1,7,2
2020/12/21,596,1344,17,765,579,102,2.25503,0.971476,0.430804,1286,11539,24,0,0,2,1
2020/12/22,595,1340,17,762,578,102,2.2521,0.971429,0.431343,1286,11541,24,0,1,0,4
2020/12/23,595,1350,16,771,579,103,2.26891,0.973109,0.428889,1287,11569,24,1,1,13,3
2020/12/24,594,1350,16,772,578,105,2.27273,0.973064,0.428148,1287,11571,24,0,1,1,1
2020/12/25,594,1350,16,772,578,107,2.27273,0.973064,0.428148,1287,11575,24,0,0,1,1
2020/12/26,593,1368,16,790,577,106,2.30691,0.973019,0.421784,1290,11629,24,0,1,19,2
2020/12/27,593,1391,16,814,577,107,2.3457,0.973019,0.414809,1294,11703,26,0,0,26,2
2020/12/28,593,1392,16,815,577,107,2.34739,0.973019,0.414512,1295,11721,26,0,0,4,3
2020/12/29,596,1413,16,833,580,103,2.37081,0.973154,0.410474,1299,11759,26,3,0,22,1
2020/12/30,594,1409,16,831,578,103,2.37205,0.973064,0.41022,1299,11756,26,0,2,2,6
2020/12/31,597,1413,16,832,581,103,2.36683,0.973199,0.411182,1303,11802,27,3,0,8,4
2021/01/01,596,1412,16,832,580,103,2.36913,0.973154,0.410765,1309,11822,27,0,1,2,3
2021/01/02,596,1409,16,829,580,101,2.36409,0.973154,0.411639,1314,11867,27,1,1,2,5
2021/01/03,596,1410,16,830,580,102,2.36577,0.973154,0.411348,1314,11852,27,0,0,2,1
2021/01/04,595,1408,16,829,579,102,2.36639,0.973109,0.411222,1318,11858,27,0,1,1,3
2021/01/05,595,1406,16,827,579,100,2.36303,0.973109,0.411807,1318,11855,27,0,0,0,2
2021/01/06,595,1408,16,829,579,98,2.36639,0.973109,0.411222,1323,11878,27,1,1,8,6
2021/01/07,595,1431,16,851,579,99,2.40504,0.973109,0.404612,1327,11874,26,0,0,23,1
2021/01/08,595,1430,16,851,579,100,2.40336,0.973109,0.404895,1327,11867,26,0,0,2,2
2021/01/09,595,1431,16,852,579,97,2.40504,0.973109,0.404612,1327,11862,26,0,0,2,1
2021/01/10,596,1432,16,852,580,97,2.40268,0.973154,0.405028,1327,11860,26,1,0,3,2
2021/01/11,597,1430,16,849,581,94,2.39531,0.973199,0.406294,1327,11865,26,1,0,1,3
2021/01/12,598,1447,16,865,582,94,2.41973,0.973244,0.402211,1333,11903,26,1,0,23,6
2021/01/13,598,1448,16,865,582,94,2.4214,0.973244,0.401934,1334,11905,26,0,0,1,1
2021/01/14,597,1443,16,862,581,97,2.41709,0.973199,0.402633,1334,11908,26,0,1,0,4
2021/01/15,597,1445,16,864,581,98,2.42044,0.973199,0.402076,1338,11914,26,0,0,3,1
2021/01/16,597,1447,16,866,581,98,2.42379,0.973199,0.40152,1339,11920,26,0,0,2,0
2021/01/17,597,1447,16,866,581,97,2.42379,0.973199,0.40152,1338,11909,26,0,0,0,0
2021/01/18,597,1444,16,863,581,100,2.41876,0.973199,0.402355,1339,11924,26,0,0,1,4
2021/01/19,598,1445,16,863,582,100,2.41639,0.973244,0.402768,1339,11917,26,1,0,2,1
2021/01/20,596,1440,16,860,580,101,2.41611,0.973154,0.402778,1339,11921,26,0,2,0,5
2021/01/21,596,1440,16,860,580,98,2.41611,0.973154,0.402778,1339,11926,25,0,0,1,1
2021/01/22,596,1438,16,858,580,98,2.41275,0.973154,0.403338,1339,11912,25,0,0,1,3
2021/01/23,595,1436,16,857,579,99,2.41345,0.973109,0.403203,1339,11912,26,0,1,0,2
2021/01/24,596,1444,16,864,580,99,2.42282,0.973154,0.401662,1346,11958,27,1,0,10,2
2021/01/25,599,1456,16,873,583,100,2.43072,0.973289,0.400412,1349,11982,26,3,0,17,5
2021/01/26,599,1458,16,875,583,100,2.43406,0.973289,0.399863,1347,11984,26,0,0,3,1
2021/01/27,599,1459,16,876,583,100,2.43573,0.973289,0.399589,1347,11992,26,0,0,2,1
2021/01/28,599,1456,16,873,583,99,2.43072,0.973289,0.400412,1347,11994,26,0,0,0,3
2021/01/29,599,1457,16,874,583,100,2.43239,0.973289,0.400137,1347,11988,27,0,0,2,1
2021/01/30,599,1465,17,882,583,101,2.44574,0.973289,0.397952,1349,12033,28,1,0,8,0
2021/01/31,599,1479,16,896,583,100,2.46912,0.973289,0.394185,1351,12048,27,0,1,16,2
2021/02/01,599,1480,16,897,583,101,2.47078,0.973289,0.393919,1351,12025,26,0,0,1,0
2021/02/02,599,1479,16,896,583,106,2.46912,0.973289,0.394185,1351,12024,26,0,0,0,1
2021/02/03,597,1477,16,896,581,105,2.47404,0.973199,0.393365,1352,12022,27,1,3,1,3
2021/02/04,598,1477,16,895,582,105,2.4699,0.973244,0.394042,1352,12012,26,1,0,2,2
2021/02/05,608,1486,17,895,591,106,2.44408,0.972039,0.397712,1352,11999,26,10,0,9,0
2021/02/06,610,1488,17,895,593,107,2.43934,0.972131,0.398522,1352,12012,27,2,0,4,2
2021/02/07,608,1486,17,895,591,107,2.44408,0.972039,0.397712,1352,12014,27,1,3,1,3
2021/02/08,609,1489,17,897,592,109,2.44499,0.972085,0.397582,1352,12015,27,1,0,3,0
2021/02/09,608,1489,17,898,591,109,2.44901,0.972039,0.396911,1352,12014,27,0,1,1,1
2021/02/10,608,1489,17,898,591,110,2.44901,0.972039,0.396911,1352,12007,26,0,0,0,0
2021/02/11,608,1487,17,896,591,111,2.44572,0.972039,0.397445,1352,12004,26,0,0,1,3
2021/02/12,607,1485,17,895,590,111,2.44646,0.971993,0.397306,1352,12002,26,0,1,1,3
2021/02/13,607,1484,17,894,590,112,2.44481,0.971993,0.397574,1352,12007,26,0,0,0,1
2021/02/14,606,1482,17,893,589,111,2.44554,0.971947,0.397436,1352,12004,26,0,1,0,2
2021/02/15,606,1481,17,892,589,110,2.44389,0.971947,0.397704,1352,12003,26,0,0,2,3
2021/02/16,607,1510,17,920,590,106,2.48764,0.971993,0.390728,1354,12037,26,1,0,32,3
2021/02/17,608,1514,18,924,590,107,2.49013,0.970395,0.389696,1354,12037,26,1,0,5,1
2021/02/18,609,1520,18,929,591,103,2.49589,0.970443,0.388816,1356,12057,26,1,0,7,1
2021/02/19,609,1528,18,937,591,104,2.50903,0.970443,0.38678,1356,12068,26,1,1,10,2
2021/02/20,609,1535,18,944,591,107,2.52053,0.970443,0.385016,1361,12092,27,0,0,7,0
2021/02/21,609,1545,18,954,591,103,2.53695,0.970443,0.382524,1361,12091,27,0,0,13,3
2021/02/22,609,1547,18,956,591,103,2.54023,0.970443,0.38203,1361,12092,27,0,0,3,1
2021/02/23,609,1552,18,961,591,102,2.54844,0.970443,0.380799,1368,12123,27,0,0,6,1
2021/02/24,609,1553,18,962,591,101,2.55008,0.970443,0.380554,1368,12118,28,0,0,2,1
2021/02/25,609,1554,18,963,591,98,2.55172,0.970443,0.380309,1368,12112,28,0,0,1,0
2021/02/26,609,1553,18,962,591,98,2.55008,0.970443,0.380554,1368,12105,27,0,0,1,2
2021/02/27,609,1553,18,962,591,96,2.55008,0.970443,0.380554,1368,12106,27,0,0,0,0
2021/02/28,609,1551,18,960,591,97,2.5468,0.970443,0.381044,1369,12111,27,0,0,4,6
2021/03/01,609,1551,18,960,591,97,2.5468,0.970443,0.381044,1369,12111,27,0,0,1,1
2021/03/02,612,1558,18,964,594,97,2.54575,0.970588,0.381258,1374,12166,29,4,1,8,1
2021/03/03,613,1560,18,965,595,95,2.54486,0.970636,0.38141,1374,12167,30,1,0,2,0
2021/03/04,609,1598,19,1008,590,89,2.62397,0.968801,0.369212,1381,12218,30,3,7,42,4
2021/03/05,609,1604,20,1015,589,90,2.63383,0.967159,0.367207,1382,12221,30,1,1,8,2
2021/03/06,609,1611,19,1020,590,87,2.64532,0.968801,0.366232,1388,12246,29,0,0,8,2
2021/03/07,610,1613,19,1022,591,87,2.64426,0.968852,0.366398,1390,12277,29,1,0,4,1
2021/03/08,610,1613,19,1022,591,87,2.64426,0.968852,0.366398,1390,12275,28,0,0,2,2
2021/03/09,610,1612,19,1021,591,87,2.64262,0.968852,0.366625,1390,12267,29,0,0,0,1
2021/03/10,610,1615,19,1024,591,88,2.64754,0.968852,0.365944,1393,12284,29,0,0,7,4
2021/03/11,610,1629,19,1038,591,89,2.67049,0.968852,0.362799,1397,12317,29,0,0,16,2
2021/03/12,610,1646,19,1055,591,90,2.69836,0.968852,0.359052,1399,12315,29,0,0,19,2
2021/03/13,611,1648,19,1056,592,89,2.69722,0.968903,0.359223,1399,12321,29,1,0,3,1
2021/03/14,611,1647,19,1055,592,90,2.69558,0.968903,0.359441,1398,12317,29,0,0,0,1
2021/03/15,610,1646,19,1055,591,92,2.69836,0.968852,0.359052,1398,12315,29,0,1,1,2
2021/03/16,610,1646,20,1056,590,92,2.69836,0.967213,0.358445,1398,12314,29,0,0,3,3
2021/03/17,610,1651,20,1061,590,94,2.70656,0.967213,0.357359,1403,12344,30,1,1,9,4
2021/03/18,612,1663,20,1071,592,91,2.71732,0.96732,0.355983,1408,12394,31,3,1,18,6
2021/03/19,612,1681,20,1089,592,90,2.74673,0.96732,0.352171,1410,12411,32,0,0,19,1
2021/03/20,612,1681,20,1090,592,90,2.74673,0.96732,0.352171,1411,12414,32,0,0,3,2
2021/03/21,612,1684,20,1092,592,89,2.75163,0.96732,0.351544,1411,12408,31,0,0,4,2
2021/03/22,612,1683,20,1090,592,89,2.75,0.96732,0.351753,1411,12407,31,0,0,1,3
2021/03/23,612,1685,20,1093,592,91,2.75327,0.96732,0.351335,1411,12407,30,0,0,5,2
2021/03/24,617,1692,21,1096,596,90,2.7423,0.965964,0.352246,1416,12440,31,5,0,9,2
2021/03/25,617,1693,22,1098,595,89,2.74392,0.964344,0.351447,1420,12455,32,0,0,6,5
2021/03/26,617,1692,22,1097,595,92,2.7423,0.964344,0.351655,1422,12450,31,0,0,1,2
2021/03/27,617,1692,22,1097,595,92,2.7423,0.964344,0.351655,1426,12454,30,0,0,1,1
2021/03/28,617,1691,22,1095,595,93,2.74068,0.964344,0.351863,1426,12460,30,0,0,0,2
2021/03/29,617,1707,23,1113,594,95,2.76661,0.962723,0.347979,1431,12507,32,0,0,19,2
2021/03/30,616,1709,22,1115,594,92,2.77435,0.964286,0.347572,1432,12512,32,0,1,4,2
2021/03/31,616,1709,22,1115,594,93,2.77435,0.964286,0.347572,1432,12503,30,0,0,4,4
2021/04/01,616,1706,22,1112,594,93,2.76948,0.964286,0.348183,1432,12499,30,0,0,1,4
2021/04/02,617,1720,22,1126,595,94,2.78768,0.964344,0.34593,1436,12517,30,1,0,18,3
2021/04/03,620,1777,20,1176,600,98,2.86613,0.967742,0.337648,1448,12567,30,5,2,59,4
2021/04/04,623,1810,20,1207,603,98,2.9053,0.967897,0.333149,1452,12601,30,4,1,36,2
2021/04/05,623,1809,21,1207,602,101,2.90369,0.966292,0.332781,1458,12613,30,0,0,4,5
2021/04/06,624,1837,21,1234,603,100,2.94391,0.966346,0.328253,1464,12648,30,1,0,31,3
2021/04/07,626,1866,21,1261,605,100,2.98083,0.966454,0.324223,1466,12673,30,2,0,31,2
2021/04/08,626,1867,22,1263,604,101,2.98243,0.964856,0.323514,1466,12673,30,0,0,4,3
2021/04/09,626,1870,21,1265,606,101,2.98722,0.968051,0.324064,1467,12671,30,1,0,5,1
2021/04/10,629,1920,21,1312,608,98,3.05246,0.966614,0.316667,1475,12696,30,2,0,50,1
2021/04/11,628,1955,21,1347,607,98,3.11306,0.96656,0.310486,1480,12709,30,0,1,39,5
2021/04/12,631,1966,22,1357,609,100,3.11569,0.965135,0.309766,1488,12766,31,3,0,15,3
2021/04/13,631,1972,22,1362,609,100,3.1252,0.965135,0.308824,1490,12776,31,0,0,6,1
2021/04/14,631,1978,22,1369,609,100,3.13471,0.965135,0.307887,1492,12792,31,0,0,9,2
2021/04/15,635,1982,22,1370,613,104,3.12126,0.965354,0.309284,1506,12833,31,4,0,7,2
2021/04/16,635,1986,22,1373,613,107,3.12756,0.965354,0.308661,1507,12835,32,0,0,3,0
2021/04/17,636,1989,22,1375,614,106,3.12736,0.965409,0.308698,1508,12839,32,1,0,3,0
2021/04/18,637,1988,23,1374,614,106,3.12088,0.963893,0.308853,1508,12838,31,1,0,2,3
2021/04/19,636,1986,24,1374,612,108,3.12264,0.962264,0.308157,1508,12836,31,0,1,2,4
2021/04/20,636,1989,24,1377,612,108,3.12736,0.962264,0.307692,1508,12831,31,0,0,4,1
2021/04/21,636,2007,24,1395,612,109,3.15566,0.962264,0.304933,1513,12866,31,0,0,21,3
2021/04/22,636,2016,25,1405,611,113,3.16981,0.960692,0.303075,1513,12869,32,0,0,11,2
2021/04/23,636,2030,26,1420,610,116,3.19182,0.959119,0.300493,1518,12877,33,0,0,17,3
2021/04/24,636,2034,26,1424,610,117,3.19811,0.959119,0.299902,1520,12886,32,0,0,7,3
2021/04/25,637,2043,26,1432,611,117,3.20722,0.959184,0.29907,1525,12915,32,1,0,11,2
2021/04/26,631,2225,18,1612,613,120,3.52615,0.971474,0.275506,1537,12943,37,1,7,188,6
2021/04/27,631,2276,18,1663,613,117,3.60697,0.971474,0.269332,1545,12963,38,0,0,54,3
2021/04/28,633,2299,18,1684,615,117,3.63191,0.971564,0.267508,1547,12972,37,3,1,27,4
2021/04/29,633,2312,18,1697,615,116,3.65245,0.971564,0.266003,1549,12971,38,1,1,24,11
2021/04/30,636,2318,18,1699,618,117,3.64465,0.971698,0.266609,1555,13015,39,3,0,9,4
2021/05/01,637,2323,18,1704,619,117,3.64678,0.971743,0.266466,1563,13061,38,1,0,9,3
2021/05/02,636,2327,18,1709,618,115,3.65881,0.971698,0.265578,1567,13063,38,0,1,12,8
2021/05/03,636,2332,20,1714,616,117,3.66667,0.968553,0.264151,1579,13093,39,0,0,7,4
2021/05/04,636,2335,18,1717,618,116,3.67138,0.971698,0.264668,1580,13095,39,0,0,12,7
2021/05/05,636,2333,19,1716,617,117,3.66824,0.970126,0.264466,1583,13101,39,0,0,2,4
2021/05/06,636,2336,19,1719,617,118,3.67296,0.970126,0.264127,1586,13114,39,0,0,7,4
2021/05/07,636,2337,19,1720,617,113,3.67453,0.970126,0.264014,1586,13113,39,0,0,4,3
2021/05/08,636,2342,19,1725,617,116,3.68239,0.970126,0.26345,1596,13165,39,0,0,10,5
2021/05/09,638,2350,19,1731,619,118,3.68339,0.970219,0.263404,1601,13190,40,2,0,13,5
2021/05/10,638,2353,19,1734,619,119,3.68809,0.970219,0.263068,1601,13187,40,0,0,7,4
2021/05/11,638,2355,19,1736,619,118,3.69122,0.970219,0.262845,1600,13180,39,0,0,5,3
2021/05/12,638,2356,19,1737,619,119,3.69279,0.970219,0.262733,1599,13164,39,0,0,3,2
2021/05/13,639,2549,19,1929,620,117,3.98905,0.970266,0.243233,1599,13128,41,1,0,193,0
2021/05/14,639,2595,19,1975,620,116,4.06103,0.970266,0.238921,1601,13133,41,0,0,51,5
2021/05/15,641,2604,19,1982,622,117,4.0624,0.970359,0.238863,1608,13162,39,2,0,11,2
2021/05/16,645,2611,19,1985,626,117,4.04806,0.970543,0.239755,1608,13168,40,4,0,10,3
2021/05/17,645,2643,19,2016,626,116,4.09767,0.970543,0.236852,1611,13187,40,1,1,36,5
2021/05/18,647,2663,19,2035,628,118,4.11592,0.970634,0.235824,1616,13229,40,2,0,26,5
2021/05/19,649,2714,20,2085,629,117,4.18182,0.969183,0.231761,1621,13234,42,2,0,56,5
2021/05/20,649,2719,20,2090,629,118,4.18952,0.969183,0.231335,1621,13233,41,0,0,6,1
2021/05/21,650,2722,20,2092,630,118,4.18769,0.969231,0.231447,1621,13213,39,1,0,5,2
2021/05/22,650,2722,21,2093,629,115,4.18769,0.967692,0.23108,1625,13220,39,0,0,4,4
2021/05/23,651,2728,21,2098,630,117,4.19048,0.967742,0.230938,1630,13238,40,1,0,7,1
2021/05/24,651,2730,20,2099,631,117,4.19355,0.969278,0.231136,1630,13236,40,0,0,6,4
2021/05/25,651,2732,20,2101,631,115,4.19662,0.969278,0.230966,1630,13231,40,0,0,4,2
2021/05/26,650,2730,20,2100,630,117,4.2,0.969231,0.230769,1630,13227,40,0,1,3,5
2021/05/27,650,2727,20,2097,630,117,4.19538,0.969231,0.231023,1630,13225,39,0,0,1,4
2021/05/28,650,2728,20,2098,630,119,4.19692,0.969231,0.230938,1630,13223,39,0,0,2,1
2021/05/29,650,2725,20,2095,630,117,4.19231,0.969231,0.231193,1630,13218,39,0,0,1,4
2021/05/30,650,2727,20,2097,630,115,4.19538,0.969231,0.231023,1629,13168,39,0,0,4,2
2021/05/31,649,2727,20,2098,629,114,4.20185,0.969183,0.230656,1629,13164,39,0,1,4,4
2021/06/01,649,2727,20,2098,629,113,4.20185,0.969183,0.230656,1629,13163,39,0,0,5,5
2021/06/02,651,2734,20,2103,631,113,4.19969,0.969278,0.230797,1630,13159,41,2,0,13,6
2021/06/03,651,2743,20,2112,631,113,4.21352,0.969278,0.23004,1632,13154,41,0,0,10,1
2021/06/04,652,2744,20,2112,632,116,4.20859,0.969325,0.230321,1632,13151,40,1,0,3,2
2021/06/05,652,2747,20,2115,632,119,4.21319,0.969325,0.230069,1632,13146,40,0,0,7,4
2021/06/06,652,2753,20,2121,632,120,4.22239,0.969325,0.229568,1632,13143,41,0,0,6,0
2021/06/07,651,2746,20,2116,631,122,4.21813,0.969278,0.229789,1635,13154,41,0,1,1,7
2021/06/08,652,2746,20,2114,632,119,4.21166,0.969325,0.230153,1635,13152,41,1,0,4,5
2021/06/09,652,2744,20,2112,632,120,4.20859,0.969325,0.230321,1638,13153,41,0,0,4,6
2021/06/10,652,2740,20,2108,632,121,4.20245,0.969325,0.230657,1638,13151,41,0,0,0,4
2021/06/11,652,2741,20,2109,632,122,4.20399,0.969325,0.230573,1638,13146,41,0,0,1,0
2021/06/12,651,2736,20,2105,631,122,4.20276,0.969278,0.230629,1638,13144,41,0,1,0,5
2021/06/13,652,2733,20,2101,632,122,4.19172,0.969325,0.231248,1642,13140,41,1,0,2,5
2021/06/14,652,2733,20,2101,632,120,4.19172,0.969325,0.231248,1643,13141,41,0,0,2,2
2021/06/15,652,2734,20,2102,632,121,4.19325,0.969325,0.231163,1643,13141,41,0,0,2,1
2021/06/16,652,2734,20,2102,632,123,4.19325,0.969325,0.231163,1642,13132,41,0,0,2,2
2021/06/17,652,2733,20,2101,632,124,4.19172,0.969325,0.231248,1641,13101,41,0,0,2,3
2021/06/18,652,2749,20,2117,632,127,4.21626,0.969325,0.229902,1645,13127,41,0,0,17,1
2021/06/19,652,2759,20,2127,632,127,4.2316,0.969325,0.229069,1645,13126,41,0,0,13,3
2021/06/20,654,2781,20,2147,634,130,4.25229,0.969419,0.227976,1651,13186,41,2,0,23,1
2021/06/21,653,2856,20,2223,633,129,4.37366,0.969372,0.221639,1651,13187,44,0,1,80,5
2021/06/22,653,2884,20,2251,633,130,4.41654,0.969372,0.219487,1657,13232,44,1,1,35,7
2021/06/23,654,2895,20,2261,634,128,4.42661,0.969419,0.218998,1658,13220,44,1,0,16,5
2021/06/24,655,2898,20,2263,635,127,4.42443,0.969466,0.219117,1658,13221,44,1,0,4,1
2021/06/25,656,2912,20,2276,636,124,4.43902,0.969512,0.218407,1661,13230,44,1,0,17,3
2021/06/26,656,2919,20,2283,636,123,4.4497,0.969512,0.217883,1662,13235,44,0,0,9,2
2021/06/27,656,2920,20,2284,636,122,4.45122,0.969512,0.217808,1662,13236,44,0,0,3,2
2021/06/28,656,2920,20,2284,636,123,4.45122,0.969512,0.217808,1660,13225,44,0,0,3,3
2021/06/29,659,2956,20,2317,639,123,4.48558,0.969651,0.216171,1663,13265,46,3,0,40,4
2021/06/30,660,3088,20,2448,640,126,4.67879,0.969697,0.207254,1667,13292,48,1,0,138,6
2021/07/01,660,3093,21,2454,639,127,4.68636,0.968182,0.206596,1667,13287,49,0,0,10,5
2021/07/02,659,3095,21,2457,638,126,4.69651,0.968134,0.206139,1667,13287,49,0,1,5,3
2021/07/03,660,3106,21,2467,639,125,4.70606,0.968182,0.205731,1671,13304,49,1,0,13,2
2021/07/04,660,3108,22,2470,638,124,4.70909,0.966667,0.205277,1671,13305,49,0,0,6,4
2021/07/05,660,3108,22,2470,638,128,4.70909,0.966667,0.205277,1673,13315,50,0,0,6,6
2021/07/06,662,3108,23,2469,639,130,4.69486,0.965257,0.205598,1682,13378,51,3,1,4,4
2021/07/07,663,3110,23,2470,640,130,4.6908,0.965309,0.205788,1685,13377,51,1,0,5,3
2021/07/08,665,3105,23,2464,642,128,4.66917,0.965414,0.206763,1684,13370,51,2,0,3,7
2021/07/09,666,3103,24,2461,642,124,4.65916,0.963964,0.206897,1681,13365,51,1,0,1,4
2021/07/10,666,3123,24,2481,642,125,4.68919,0.963964,0.205572,1679,13387,52,0,0,27,7
2021/07/11,668,3127,24,2483,644,125,4.68114,0.964072,0.205948,1686,13412,52,2,0,8,4
2021/07/12,668,3133,24,2489,644,125,4.69012,0.964072,0.205554,1686,13409,51,0,0,8,2
2021/07/13,670,3152,24,2506,646,124,4.70448,0.964179,0.204949,1694,13448,52,3,1,26,7
2021/07/14,670,3169,24,2523,646,125,4.72985,0.964179,0.20385,1707,13495,52,0,0,20,3
2021/07/15,670,3179,24,2533,646,126,4.74478,0.964179,0.203209,1710,13505,51,0,0,11,1
2021/07/16,670,3186,24,2540,646,125,4.75522,0.964179,0.202762,1711,13506,51,0,0,8,1
2021/07/17,670,3180,24,2534,646,127,4.74627,0.964179,0.203145,1711,13508,51,0,0,0,6
2021/07/18,670,3181,24,2535,646,127,4.74776,0.964179,0.203081,1710,13503,51,0,0,3,2
2021/07/19,670,3178,24,2532,646,128,4.74328,0.964179,0.203272,1710,13495,51,0,0,1,4
2021/07/20,670,3188,24,2541,646,129,4.75821,0.964179,0.202635,1713,13519,51,0,0,11,2
2021/07/21,671,3186,24,2539,647,130,4.74814,0.964233,0.203076,1712,13518,51,1,0,2,3
2021/07/22,672,3201,24,2553,648,131,4.76339,0.964286,0.202437,1717,13532,51,1,0,18,3
2021/07/23,674,3214,24,2564,650,133,4.76855,0.964392,0.20224,1721,13540,52,2,0,15,2
2021/07/24,673,3210,24,2560,649,131,4.76969,0.964339,0.202181,1716,13529,52,0,1,2,7
2021/07/25,673,3210,24,2561,649,133,4.76969,0.964339,0.202181,1718,13521,53,0,0,2,1
2021/07/26,673,3216,24,2567,649,132,4.7786,0.964339,0.201803,1726,13538,53,0,0,13,7
2021/07/27,673,3319,24,2670,649,132,4.93165,0.964339,0.195541,1731,13550,53,0,0,107,4
2021/07/28,674,3324,24,2674,650,134,4.93175,0.964392,0.195548,1737,13573,53,1,0,9,4
2021/07/29,676,3321,25,2670,651,136,4.91272,0.963018,0.196025,1739,13573,53,2,0,6,9
2021/07/30,677,3323,24,2670,653,134,4.90842,0.964549,0.196509,1745,13597,53,1,0,9,7
2021/07/31,677,3326,24,2673,653,135,4.91285,0.964549,0.196332,1745,13590,54,0,0,6,3
2021/08/01,679,3326,25,2672,654,134,4.89838,0.963181,0.196633,1747,13590,54,2,0,3,3
2021/08/02,679,3325,24,2670,655,135,4.89691,0.964654,0.196992,1747,13588,55,0,0,4,5
2021/08/03,679,3322,24,2667,655,135,4.89249,0.964654,0.19717,1746,13587,54,0,0,3,6
2021/08/04,678,3320,24,2666,655,133,4.89676,0.966077,0.197289,1747,13578,55,0,0,3,4
2021/08/05,678,3375,24,2721,654,135,4.97788,0.964602,0.193778,1763,13667,56,0,1,61,7
2021/08/06,679,3473,24,2818,655,134,5.11487,0.964654,0.188598,1771,13686,56,1,0,105,7
2021/08/07,681,3494,25,2838,656,134,5.13069,0.963289,0.18775,1784,13758,56,2,0,27,6
2021/08/08,681,3499,25,2843,656,133,5.13803,0.963289,0.187482,1787,13761,56,0,0,8,3
2021/08/09,681,3492,25,2836,656,127,5.12775,0.963289,0.187858,1790,13773,55,1,1,4,11
2021/08/10,681,3503,25,2847,656,126,5.14391,0.963289,0.187268,1795,13806,54,1,1,16,5
2021/08/11,681,3510,25,2854,656,124,5.15418,0.963289,0.186895,1799,13838,54,0,0,16,9
2021/08/12,682,3520,25,2863,658,124,5.16129,0.964809,0.186932,1803,13852,54,2,0,15,4
2021/08/13,684,3521,26,2863,658,127,5.14766,0.961988,0.186879,1805,13886,54,1,0,5,5
2021/08/14,687,3530,27,2870,660,128,5.13828,0.960699,0.186969,1813,13921,55,3,0,13,4
2021/08/15,689,3549,27,2887,662,125,5.15094,0.960813,0.186531,1819,13989,54,2,0,28,9
2021/08/16,689,3563,27,2901,662,125,5.17126,0.960813,0.185798,1822,13991,54,0,0,19,5
2021/08/17,690,3560,27,2897,662,127,5.15942,0.95942,0.185955,1826,13992,54,1,1,5,9
